{"cameraMode":{"drawMode":0,"name":"Shaded","section":"Shading Mode"},"sceneLighting":true,"audioPlay":false,"sceneViewState":{"showFog":true,"showMaterialUpdate":false,"showSkybox":true,"showFlares":true,"showImageEffects":true,"showParticleSystems":true},"in2DMode":false,"pivot":{"x":-8.65999984741211,"y":0.1799999624490738,"z":0.00828462839126587},"rotation":{"x":0.03779982775449753,"y":-0.00718493340536952,"z":0.0002726986713241786,"w":0.9992632269859314},"size":12.167947769165039,"orthographic":false}